{
  "version": 2,
  "count": 160554,
  "means": {
    "mins": [
      -0.19750604016199852,
      -0.1762961265657363,
      -0.20315843323124674
    ],
    "maxs": [
      0.2307583751917995,
      0.02732299612057099,
      0.16357803397949092
    ],
    "files": [
      "means_l.webp",
      "means_u.webp"
    ]
  },
  "scales": {
    "codebook": [
      -10,
      -9.9375,
      -9.875,
      -9.8125,
      -9.75,
      -9.6875,
      -9.625,
      -9.5625,
      -9.5,
      -9.4375,
      -9.375,
      -9.3125,
      -9.25,
      -9.1875,
      -9.125,
      -9.0625,
      -9.0625,
      -9,
      -8.9375,
      -8.9375,
      -8.875,
      -8.875,
      -8.8125,
      -8.75,
      -8.6875,
      -8.625,
      -8.5625,
      -8.5,
      -8.5,
      -8.5,
      -8.5,
      -8.5,
      -8.4375,
      -8.375,
      -8.3125,
      -8.3125,
      -8.3125,
      -8.25,
      -8.25,
      -8.25,
      -8.1875,
      -8.125,
      -8.125,
      -8.125,
      -8.0625,
      -8.0625,
      -8.0625,
      -8,
      -8,
      -8,
      -8,
      -8,
      -8,
      -7.9375,
      -7.9375,
      -7.9375,
      -7.9375,
      -7.875,
      -7.875,
      -7.875,
      -7.875,
      -7.8125,
      -7.8125,
      -7.8125,
      -7.8125,
      -7.8125,
      -7.8125,
      -7.8125,
      -7.8125,
      -7.8125,
      -7.75,
      -7.75,
      -7.75,
      -7.75,
      -7.6875,
      -7.6875,
      -7.6875,
      -7.625,
      -7.625,
      -7.625,
      -7.625,
      -7.625,
      -7.625,
      -7.5625,
      -7.5625,
      -7.5625,
      -7.5625,
      -7.5625,
      -7.5625,
      -7.5,
      -7.5,
      -7.5,
      -7.5,
      -7.5,
      -7.5,
      -7.4375,
      -7.4375,
      -7.4375,
      -7.4375,
      -7.375,
      -7.375,
      -7.375,
      -7.375,
      -7.375,
      -7.375,
      -7.3125,
      -7.3125,
      -7.3125,
      -7.3125,
      -7.3125,
      -7.3125,
      -7.3125,
      -7.3125,
      -7.3125,
      -7.3125,
      -7.25,
      -7.25,
      -7.25,
      -7.25,
      -7.25,
      -7.25,
      -7.25,
      -7.25,
      -7.25,
      -7.25,
      -7.25,
      -7.25,
      -7.1875,
      -7.1875,
      -7.1875,
      -7.1875,
      -7.1875,
      -7.125,
      -7.125,
      -7.125,
      -7.125,
      -7.125,
      -7.125,
      -7.125,
      -7.125,
      -7.0625,
      -7.0625,
      -7.0625,
      -7.0625,
      -7.0625,
      -7,
      -7,
      -7,
      -7,
      -7,
      -7,
      -7,
      -7,
      -6.9375,
      -6.9375,
      -6.9375,
      -6.9375,
      -6.9375,
      -6.9375,
      -6.9375,
      -6.9375,
      -6.875,
      -6.875,
      -6.875,
      -6.875,
      -6.8125,
      -6.8125,
      -6.8125,
      -6.8125,
      -6.75,
      -6.75,
      -6.75,
      -6.75,
      -6.75,
      -6.75,
      -6.75,
      -6.75,
      -6.75,
      -6.75,
      -6.6875,
      -6.6875,
      -6.6875,
      -6.625,
      -6.625,
      -6.625,
      -6.625,
      -6.625,
      -6.5625,
      -6.5625,
      -6.5625,
      -6.5625,
      -6.5,
      -6.5,
      -6.5,
      -6.5,
      -6.5,
      -6.5,
      -6.5,
      -6.4375,
      -6.4375,
      -6.4375,
      -6.4375,
      -6.4375,
      -6.375,
      -6.3125,
      -6.3125,
      -6.25,
      -6.25,
      -6.25,
      -6.25,
      -6.1875,
      -6.1875,
      -6.125,
      -6.125,
      -6.0625,
      -6.0625,
      -6.0625,
      -6,
      -5.9375,
      -5.9375,
      -5.9375,
      -5.875,
      -5.8125,
      -5.75,
      -5.6875,
      -5.625,
      -5.5625,
      -5.5,
      -5.5,
      -5.4375,
      -5.375,
      -5.3125,
      -5.25,
      -5.25,
      -5.1875,
      -5.125,
      -5.0625,
      -5,
      -4.9375,
      -4.875,
      -4.8125,
      -4.75,
      -4.6875,
      -4.625,
      -4.5625,
      -4.5,
      -4.4375,
      -4.375,
      -4.3125,
      -4.25,
      -4.1875,
      -4.125,
      -4.0625,
      -3.9375,
      -3.6875,
      -3.625
    ],
    "files": [
      "scales.webp"
    ]
  },
  "quats": {
    "files": [
      "quats.webp"
    ]
  },